headline,content
Article 1,"
                            Lorem ipsum dolor sit amet consectetur adipisicing elit. Tempore labore odit unde dolores porro alias molestiae facere, consequatur sit fugit incidunt nihil impedit, voluptas quam consequuntur voluptatem maiores, perferendis vero.
                        "
Article 2,"
                            Lorem ipsum dolor sit amet consectetur adipisicing elit. Tempore labore odit unde dolores porro alias molestiae facere, consequatur sit fugit incidunt nihil impedit, voluptas quam consequuntur voluptatem maiores, perferendis vero.
                        "
Article 3,"
                            Lorem ipsum dolor sit amet consectetur adipisicing elit. Tempore labore odit unde dolores porro alias molestiae facere, consequatur sit fugit incidunt nihil impedit, voluptas quam consequuntur voluptatem maiores, perferendis vero.
                        "
Article 4,"
                            Lorem ipsum dolor sit amet consectetur adipisicing elit. Tempore labore odit unde dolores porro alias molestiae facere, consequatur sit fugit incidunt nihil impedit, voluptas quam consequuntur voluptatem maiores, perferendis vero.
                        "
Article 5,"
                            Lorem ipsum dolor sit amet consectetur adipisicing elit. Tempore labore odit unde dolores porro alias molestiae facere, consequatur sit fugit incidunt nihil impedit, voluptas quam consequuntur voluptatem maiores, perferendis vero.
                        "
